{"cameraMode":{"drawMode":0,"name":"Shaded","section":"Shading Mode"},"sceneLighting":true,"audioPlay":false,"sceneViewState":{"showFog":true,"showMaterialUpdate":false,"showSkybox":true,"showFlares":true,"showImageEffects":true,"showParticleSystems":true},"in2DMode":false,"pivot":{"x":71.89105987548828,"y":-1.0293084383010865,"z":48.24186706542969},"rotation":{"x":-0.12402547150850296,"y":0.17379073798656465,"z":-0.022053169086575509,"w":-0.9766761064529419},"size":10.0,"orthographic":false}